Asset Type,Level,Field 1,Field 2,Field 3,Field 4,Field 5
Call,Account / Campaign,United Kingdom (+44),01228 472486,Track calls as conversions,Use business hours (Mon-Fri 08:30-17:30),
Sitelink,Campaign,Commercial Van Wraps,Full & partial vehicle wraps,Free 3D design mockups & quotes,https://studiographic.co.uk/services.html#commercial-wraps,
Sitelink,Campaign,Van Sign Writing,Trade van lettering & decals,Durable weatherproof vinyl,https://studiographic.co.uk/services.html#sign-writing,
Sitelink,Campaign,Shopfront Fascia Signs,Metal sign trays & LED lighting,3D stand-off acrylic letters,https://studiographic.co.uk/services.html#fascia-signs,
Sitelink,Campaign,Our Recent Projects,See completed local wraps & signs,1000+ projects completed in Cumbria,https://studiographic.co.uk/gallery.html,
Callout,Account / Campaign,Free 3D Design Visuals,,,,
Callout,Account / Campaign,Fast Trade Turnaround,,,,
Callout,Account / Campaign,Unit 2 Tyne Street CA1,,,,
Callout,Account / Campaign,1000+ Projects Completed,,,,
Callout,Account / Campaign,Carlisle & Cumbria Wide,,,,
Callout,Account / Campaign,In-House Print Bay,,,,
Callout,Account / Campaign,Heavy-Duty Vinyl Built To Last,,,,
Callout,Account / Campaign,WhatsApp Instant Quotes,,,,
Structured Snippet,Account / Campaign,Services,Commercial Van Wraps,Fleet Graphics,Van Signwriting,Shop Fascia Signs,3D Acrylic Letters
Structured Snippet,Account / Campaign,Services,Scaffold Banners,Window Graphics,Etched Window Film,Correx Boards,Aluminium Trays
Location,Account,Link Google Business Profile,StudioGraphic - Unit 2 Tyne Street Business Park Carlisle CA1 2GY,,,
