Keyword,Criterion Type,Campaign
wrapping paper,Phrase,
car tinting,Phrase,
window tint kit,Phrase,
tinting near me,Phrase,
golf wrap,Phrase,
bmw wrap,Phrase,
audi wrap,Phrase,
fiesta wrap,Phrase,
corsa wrap,Phrase,
matte black car wrap,Phrase,
car colour change,Phrase,
car color change,Phrase,
car wrap cost,Phrase,
wrap my car,Phrase,
motorbike wrap,Phrase,
motorcycle wrap,Phrase,
bike wrap,Phrase,
bicycle wrap,Phrase,
amazon,Phrase,
ebay,Phrase,
temu,Phrase,
aliexpress,Phrase,
halfords,Phrase,
hobbycraft,Phrase,
cricut,Phrase,
diy,Phrase,
how to,Phrase,
tutorial,Phrase,
youtube,Phrase,
carbon fiber vinyl roll,Phrase,
wrap roll,Phrase,
happy birthday banner,Phrase,
birthday banner,Phrase,
wedding banner,Phrase,
baby shower banner,Phrase,
party banner,Phrase,
christening banner,Phrase,
funeral banner,Phrase,
communion banner,Phrase,
anniversary banner,Phrase,
road signs,Phrase,
traffic signs,Phrase,
highway code signs,Phrase,
street signs carlisle,Phrase,
council road signs,Phrase,
sign language,Phrase,
bsl,Phrase,
asl,Phrase,
zodiac signs,Phrase,
star signs,Phrase,
horoscope,Phrase,
jobs,Phrase,
job,Phrase,
salary,Phrase,
careers,Phrase,
apprenticeship,Phrase,
vacancy,Phrase,
hiring,Phrase,
course,Phrase,
training,Phrase,
how to become,Phrase,
free,Phrase,
template,Phrase,
generator,Phrase,
mockup free,Phrase,
psd free,Phrase,
clipart,Phrase,
vector free,Phrase,
vistaprint,Phrase,
instantprint,Phrase,
solopress,Phrase,
screwfix,Phrase,
toolstation,Phrase,
magnetic signs cheap,Phrase,
cheap stickers,Phrase,
window stickers cheap,Phrase,
